{
  "project_info": {
    "project_number": "413405308876",
    "firebase_url": "https://team-66-order-66.firebaseio.com",
    "project_id": "team-66-order-66",
    "storage_bucket": "team-66-order-66.appspot.com"
  },
  "client": [
    {
      "client_info": {
        "mobilesdk_app_id": "1:413405308876:android:94bb44f8ba029576",
        "android_client_info": {
          "package_name": "com.order66.team66.spacetraderapp"
        }
      },
      "oauth_client": [
        {
          "client_id": "413405308876-4akt4deridco9otkp2vmrujva0nutlt9.apps.googleusercontent.com",
          "client_type": 3
        }
      ],
      "api_key": [
        {
          "current_key": "AIzaSyDgXgURmoJXIGxFDcC-uAuIrlLLd09C8Hw"
        }
      ],
      "services": {
        "analytics_service": {
          "status": 1
        },
        "appinvite_service": {
          "status": 1,
          "other_platform_oauth_client": []
        },
        "ads_service": {
          "status": 2
        }
      }
    }
  ],
  "configuration_version": "1"
}